{
  "config": {
    "epochs": 50,
    "batch_size": 8,
    "aug_per_image": 15,
    "conf_threshold": 0.5,
    "no_dice_weight": 0.0001
  },
  "test": {
    "TP": 5054,
    "FP": 230,
    "FN": 58,
    "precision": 0.9564723694171082,
    "recall": 0.9886541471048513,
    "f1": 0.972297037322047
  },
  "val": {
    "TP": 1843,
    "FP": 92,
    "FN": 2,
    "precision": 0.9524547803617571,
    "recall": 0.9989159891598915,
    "f1": 0.9751322751322752
  }
}