{
  "config": {
    "epochs": 50,
    "batch_size": 8,
    "aug_per_image": 15,
    "conf_threshold": 0.5,
    "no_dice_weight": 0.0001
  },
  "test": {
    "TP": 5056,
    "FP": 187,
    "FN": 56,
    "precision": 0.964333396910166,
    "recall": 0.9890453834115805,
    "f1": 0.976533075808788
  },
  "val": {
    "TP": 1823,
    "FP": 82,
    "FN": 8,
    "precision": 0.9569553805774278,
    "recall": 0.9956308028399782,
    "f1": 0.9759100642398287
  }
}