{
  "config": {
    "epochs": 50,
    "batch_size": 8,
    "aug_per_image": 15,
    "conf_threshold": 0.5,
    "no_dice_weight": 0.0001
  },
  "test": {
    "TP": 5047,
    "FP": 197,
    "FN": 65,
    "precision": 0.9624332570556827,
    "recall": 0.9872848200312989,
    "f1": 0.9747006566241793
  },
  "val": {
    "TP": 1826,
    "FP": 76,
    "FN": 10,
    "precision": 0.9600420609884333,
    "recall": 0.9945533769063181,
    "f1": 0.9769930444087747
  }
}